key,val
0,617503.9012728181
10,604235.7818305813
20,592625.9809537685
30,546807.1990182091
40,497280.69478739874
50,468265.04519683326
60,465525.4491192394
70,485127.84224217496
80,530914.6253883975
90,594905.7657166978
None,
