key,val
1_Floor,443128.3573171922
2_Floor,631219.1748004422
3_Floor,668322.2141489023
