key,val
0,531692.9824537972
1,1235778.166841566
