key,val
Average,536125.6504229851
Bad,398508.45986533735
Good,608557.9988225052
