key,val
0,437889.3354643988
1,950717.0429508922
