key,val
Average,539917.7813990545
Bad,305198.1093573692
Good,1490369.393487262
