key,val
Average,536045.4306467145
Large,785300.3249160923
Small,400519.28121072
