key,val
1_Bath,398278.3546240568
2_Bath,588592.9019780016
3_Bath,847215.7873351735
