key,val
Few_Visits,831048.7448185469
More_Visits,1243794.512838501
No_Visits,496845.877067708
