key,val
1900s,559421.9405311865
1925s,596171.8882033625
1950s,507905.30257292604
1975s,473017.5628321074
2000s,545188.1631739872
2025s,613817.1529582702
