key,val
1950s,523635.18642260606
1975s,523574.04852093925
2000s,718993.0501599433
2025s,765211.896518799
Not Renovated,530494.7598865009
